{
    "id": "v-mobileui",
    "title": "V's mobile compatible UI",
    "version": "0.2.0",
    "authors": [
      {
        "name": "V",
        "url": "https://github.com/venomweb99/CSS-edits-for-FoundryVTT"
      }
    ],
    "compatibility": {
      "minimum": "11",
      "verified": "13"
    },
    "styles": [
      "mobileCompat.css"
    ],
    "description": "Mobile UI for Foundry VTT",
    "url": "https://github.com/venomweb99/CSS-edits-for-FoundryVTT",
    "bugs": "https://github.com/venomweb99/CSS-edits-for-FoundryVTT/issues",
    "manifest": "https://raw.githubusercontent.com/venomweb99/CSS-edits-for-FoundryVTT/refs/heads/main/UI%20modules/v-mobileui/module.json",
    "download": "https://github.com/venomweb99/CSS-edits-for-FoundryVTT/tree/09b92435f9ee524fd1e2de429ea6a99ad04d0c7b/UI%20modules/v-mobileui"
  }